<meta>
	<info type="script" author="DKong" version="1.2.0" />
	<file src="objects/Blue.col" />
	<file src="objects/Blue.dff" />
	<file src="objects/Green.col" />
	<file src="objects/Green.dff" />
	<file src="objects/MatTextures.txd" />
	<file src="objects/Pink.col" />
	<file src="objects/Pink.dff" />
	<file src="objects/Red.col" />
	<file src="objects/Red.dff" />
	<file src="objects/White.col" />
	<file src="objects/White.dff" />
	<file src="objects/Yellow.col" />
	<file src="objects/Yellow.dff" />
	<script src="client.lua" type="client" />
	<script src="server.lua" type="server" />
	<export function="addNeon" type="server" />
	<export function="removeNeon" type="server" />
	<export function="hasNeon" type="server" />
	<export function="setNeonColor" type="server" />
	<export function="getNeonColor" type="server" />
</meta>